size-in-mib,native,template-replace-stream,stream-replace-string,replacestream
1,0.182083,8.534625,171.609875,0.653208
10,0.783208,5.250875,1625.240583,8.409708
50,3.936875,11.735,8115.349208,22.142292
100,1.212833,9.790792,16371.799291,34.673125
