size-in-mib,native,template-replace-stream,stream-replace-string,replacestream
1,0.495958,13.322916,28286.731375,2.739542
10,3.703792,78.62925,,9.586333
50,15.855791,369.233292,,38.323167
