size-in-mib,native,template-replace-stream,stream-replace-string,replacestream
1,0.731125,0.557584,26465.239458,2.364167
10,3.5575,4.383875,,8.453666
50,14.413292,21.039875,,36.291042
