size-in-mib,native,template-replace-stream,stream-replace-string,replacestream
1,0.109125,8.001375,157.987375,0.574667
10,0.581416,5.515209,1522.935208,7.516792
50,4.245334,11.5825,8061.552583,36.946833
