size-in-mib,native,template-replace-stream,stream-replace-string,replacestream
1,0.362834,0.451333,25675.328667,3.067666
10,3.842292,4.999833,,8.155625
50,13.322375,18.549417,,32.501417
100,23.799291,32.400208,,58.000167
