size-in-mib,native,template-replace-stream,stream-replace-string,replacestream
1,0.19325,14.976125,173.304,0.527375
10,0.72425,68.13125,1705.892667,8.678
50,4.373792,324.812,8491.234875,23.620542
