size-in-mib,native,template-replace-stream,stream-replace-string,replacestream
1,1.444042,0.608125,165.606458,2.325375
10,1.150375,1.924791,1634.072375,8.1005
50,1.20225,3.714709,8218.529417,40.153584
100,1.695334,4.597041,16306.565375,69.902041
