size-in-mib,native,template-replace-stream,stream-replace-string,replacestream
1,1.553042,0.699292,164.312584,2.24425
10,1.126625,1.9315,1523.043833,8.369333
50,1.214208,3.628584,7615.32575,38.822667
