size-in-mib,native,template-replace-stream,stream-replace-string,replace-stream
1,0.960167,1.448375,179.170917,3.722791
10,0.995,2.295,1707.42475,13.716042
50,1.04175,5.506791,8516.709875,60.002917
100,0.876875,5.875792,16701.357875,98.519625
