size-in-mib,native,template-replace-stream,stream-replace-string,replacestream
1,1.541167,0.697791,166.673,2.151291
10,1.22275,2.056042,1632.164625,7.828959
50,1.230291,3.686334,8133.09,39.308333
100,1.608667,4.382792,16319.75125,64.968917
