size-in-mib,native,template-replace-stream,stream-replace-string,replacestream
1,0.169875,9.29625,,0.537792
10,0.753625,5.41875,,4.823042
50,2.450917,7.08125,,21.353209
100,1.285667,10.238709,,34.071042
