size-in-mib,native,template-replace-stream,stream-replace-string,replacestream
1,0.372583,0.413875,26911.775291,0.827792
10,3.077292,3.982208,,8.357167
50,14.967792,19.717167,,35.829416
100,31.551333,39.450667,,70.889875
