size-in-mib,native,template-replace-stream,stream-replace-string,replacestream
1,1.672875,13.034417,187.532334,2.515417
10,1.260583,68.077666,1839.268834,10.501667
50,2.206875,311.873917,8236.330917,42.159958
