size-in-mib,native,template-replace-stream,stream-replace-string,replacestream
1,2756.0812933738293,2215.6589480494445,0.038947894804761754,325.9807293232053
10,2602.61323189388,2000.0668022311947,,1226.1475975170508
50,3753.0845663779924,2695.5025055504443,,1538.394464462888
100,4201.805843711899,3086.3999391608845,,1724.132966720596
