size-in-mib,native,template-replace-stream,stream-replace-string,replacestream
1,9163.802978235968,124.97851931699239,6.329619692712789,1740.138201775985
10,17199.389077699958,1813.167914398167,6.566267525676641,1330.354757721113
50,11777.63634145158,4316.857327865315,6.2022792117536705,1353.2959645012065
