size-in-mib,native,template-replace-stream,stream-replace-string,replacestream
1,5886.681383370125,107.57025682398816,,1859.454956563132
10,13269.198872118097,1845.444059976932,,2073.380244252486
50,20400.527639246862,7060.90026478376,,2341.5684265535924
100,77780.63837681142,9766.856348783816,,2935.0437829286234
