size-in-mib,native,template-replace-stream,stream-replace-string,replacestream
1,648.8589490950689,1433.0938633487676,5.99977200866367,464.83716057009485
10,8178.286648947045,4863.713873549275,6.126832947381151,1277.3090266534798
50,40640.791487542374,13563.610893641217,6.147724911442023,1271.9949228068258
100,62163.269340391766,22816.50600804236,6.1275443766338045,1539.1975827456074
