size-in-mib,native,template-replace-stream,stream-replace-string,replace-stream
1,71.68372966431154,550.0171880371262,6.059452304163394,291.71528588098016
10,11126.564673157163,5314.43661391734,6.813359816072588,708.7904618351067
50,53724.96685169545,10273.971899043021,6.91607405165751,831.7068889266927
100,109880.08786011825,22172.949002217294,6.884671886635631,1025.124520594111
