size-in-mib,native,template-replace-stream,stream-replace-string,replace-stream
1,1041.48549159,690.4289289721239,5.581262945704519,268.61567033980685
10,10050.251256281406,4357.2984749455345,5.856773482989514,729.0732997172216
50,47996.16030717543,9079.698139987519,5.87081170238877,833.292821413999
100,114041.33998574484,17018.982292089306,5.987537106170775,1015.0261940197195
