size-in-mib,native,template-replace-stream,stream-replace-string,replacestream
1,0.004934925311287193,0.000063679644527957,0.0000055028984697770965,0.0018083419130718178
10,0.013167750312823611,0.0001399760486423264,0.000005590470812465542,0.0010989563452480408
50,0.010902145282700344,0.0001468040460953182,0.000005615639718164374,0.0020187392744972785
