size-in-mib,native,template-replace-stream,stream-replace-string,replacestream
1,0.0019228933022680348,0.00007158150035669745,3.371454636321515e-8,0.0003481145083398064
10,0.0025748592696518864,0.00012128747462378822,,0.0009948270276092539
50,0.0030073375601578313,0.00012914251464711502,,0.0012442530081168005
