size-in-mib,native,template-replace-stream,stream-replace-string,replacestream
1,2683.965720389819,2416.1884627000904,0.037158455329939756,1208.032935809962
10,3249.6103717164315,2511.1696827488668,,1196.5777398010594
50,3340.5060679624626,2535.861262421726,,1395.5013947199138
100,3169.4381977458766,2534.8113886135307,,1410.638684297299
