size-in-mib,native,template-replace-stream,stream-replace-string,replacestream
1,643.8975893762048,1430.0177894213004,6.085961133688945,445.583156956667
10,8876.06790191945,5177.323323841574,6.565799212950163,1194.8383461382168
50,41179.10605102256,13779.479819125036,6.565707317247722,1287.9073969853744
