size-in-mib,native,template-replace-stream,stream-replace-string,replacestream
1,1367.7551718242435,1793.4517489741456,0.03778541288420939,422.98196362608905
10,2810.9627547434998,2281.086937925922,,1182.918747913627
50,3469.0201239245,2376.4399740968042,,1377.7504652525547
