size-in-mib,native,template-replace-stream,stream-replace-string,replacestream
1,5492.000900688148,117.16976434231145,5.827170493539489,1530.9059288924816
10,12768.000326860809,1904.4444973456807,6.152935205162791,1189.1019283903793
50,12700.428639466581,4260.75841499787,6.16116432188903,2258.1221492336927
100,82451.58236954304,10213.678321426909,6.1080641304326635,2884.07808641419
