size-in-mib,native,template-replace-stream,stream-replace-string,replacestream
1,692.5006336380798,1644.3987667009249,6.038411859518184,430.0381658872225
10,8692.81755949147,5195.369263468086,6.119679980514939,1234.4916980433306
50,41588.687876897486,13460.00453871353,6.083813473560753,1245.2188576740746
100,58985.42706039046,21753.123367835964,6.132499254153942,1430.5733934149362
