size-in-mib,native,template-replace-stream,stream-replace-string,replacestream
1,0.0005700810379772847,0.00007316585900284224,0.000005085386056178718,0.00037913169721213227
10,0.007565343308661548,0.00014008622393227318,0.0000051850729962743984,0.000908117079322978
50,0.021606894735910508,0.0001528942089129964,0.000005789436619392268,0.0011310190541535287
